INSERT INTO MsStaff VALUES
('ST011', 'Maju Jaya', 'Male', '1998-03-22', 3000000, 081218664959, 'Jl. Sukarela 1'), 
('ST012', 'Meli Mani', 'Female', '2000-07-12', 3000000, 081294398186, 'Jl. Mahoni 30'), 
('ST013','Femilia Nani', 'Female', '1990-05-12', 5500000, 081288852996, 'Jl. Agung Perkasa 12'), 
('ST014', 'Jonas Mulia', 'Male', '1999-08-04', 3500000, 081227456754, 'Jl. Agung Selatan 21'), 
('ST015', 'Jonatan Jaya', 'Male', '1998-01-12', 3250000, 081234228876, 'Jl. Majukur 1'), 
('ST016', 'Hansel Sukarna', 'Male', '1998-03-21', 8650000, 08129988722, 'Jl. Dadian 4'), 
('ST017', 'Angela Mika', 'Female', '1999-08-03', 7650000, 081278996776, 'Jl. Sukamaju 8'), 
('ST018', 'Sherly Harjadi', 'Female', '2000-01-04', 7500000, 081354456688, 'Jl. Bungur 1'), 
('ST019', 'Cindy Yang', 'Female', '2000-04-22', 8900000, 081278869887, 'Jl. Utan Panjang '), 
('ST020', 'Juanita', 'Female', '2000-02-12', 10000000, 081234778896, 'Jl. Sunter Jaya 1'),
('ST021', 'Ruben Ganteng', 'Male', '2003-08-02', 8000000, 081288022230, 'Jl. Durian Runtuh 7'),
('ST022', 'juan jelek', 'Male', '2004-12-22', 9000000, 081290043422, 'Jl. sunter agung 7')


INSERT INTO MsGameType VALUES
('GT011', 'RPG'), 
('GT022', 'MOBA'), 
('GT033', 'SandBox'), 
('GT044', 'Horror'), 
('GT055', 'TPS'), 
('GT066', 'Fighting'), 
('GT077', 'Adventure'), 
('GT088', 'Simulation'), 
('GT099', 'Sport'), 
('GT111', 'FPS')

INSERT INTO MsGamePrice VALUES
('PR111', 900000, 1300000),
('PR122', 1500000, 2000000),
('PR133', 1900000, 2400000),
('PR144', 950000, 1300000),
('PR155', 990000, 1400000),
('PR166', 760000, 1200000),
('PR177', 1000000, 1500000),
('PR188', 1100000, 1600000),
('PR199', 560000, 1100000),
('PR200', 780000, 1200000),
('PR211',380000, 800000)

INSERT INTO MsGame VALUES
('GA111', 'GT066', 'One Piece Bounty Rush','PR111', '2017-04-27', 200),
('GA122', 'GT088', 'Goat Simulator','PR122', '2018-09-19', 265),
('GA133', 'GT099', 'Wipeout Animation','PR133', '2015-07-10', 450),
('GA144', 'GT044', 'Fight Night At Freddies','PR144', '2019-11-17', 300),
('GA155', 'GT033', 'Minecraft','PR144', '2010-11-17', 344),
('GA166', 'GT066', 'Taken 2','PR155', '2017-12-10', 227),
('GA177', 'GT099', 'FIFA 2020','PR166', '2020-10-01', 990),
('GA188', 'GT044', 'Resident Evil Village', 'PR177', '2021-07-01', 112),
('GA199', 'GT055', 'Gears of War series','PR188', '2016-10-11', 884),
('GA200', 'GT088', 'Bus Simulator','PR199', '2017-09-30', 454),
('GA211', 'GT077', 'Jungle Adventures','PR200', '2016-01-27', 998),
('GA222', 'GT088', 'Car Simulator','PR155', '2017-06-18', 345),
('GA233', 'GT033', 'Gengshin','PR188', '2017-06-20', 467)

INSERT INTO MsCustomer VALUES
('CU011', 'Fiona Clarissa', 'Female', '2005-05-25', 08111919169),
('CU012', 'Juan Poniman', 'Male', '2004-12-20', 08111919168),
('CU013', 'Carin Handy', 'Female', '2004-05-04', 08111919467),
('CU014', 'Hansel Rafael', 'Male', '2004-06-12', 08111919166),
('CU015', 'Audrey Bianca', 'Female', '2003-12-18', 08111919165),
('CU016', 'Joshua Cristian', 'Male', '2004-07-07', 08111919164),
('CU017', 'Magda Violen', 'Female', '2004-04-05', 08111919163),
('CU018', 'Victoria Esther', 'Female', '2003-08-02', 08111919162),
('CU019','Jovita Cahya', 'Female','2002-11-04', 08111919161),
('CU020', 'Natasha Clavita', 'Female', '2003-12-20',08111919160)

INSERT INTO MsSupplier VALUES 
('SU111','Therenita Winata', 'Jl. Angkasa Utama', 081264140820),
('SU112', 'Yeremia Hartanto', 'Jl. Taman Budaya', 081264140821),
('SU113', 'Jonathan Gunawan', 'Jl. Makasar 34', 081264140822),
('SU114', 'Ariel Jovanka', 'Jl. Kedoya Baru', 081264156493),
('SU115', 'William Christian', 'Jl. Bangka 32', 081264140824),
('SU116', 'Nicole Crystal', 'Jl Buckingham Drive', 081264140825),
('SU117', 'Michelle Chang', 'Jl. Keduri Utara', 08126414823),
('SU118', 'Juan Rizky', 'Jl Benefit 55', 081264140826),
('SU119', 'Jennifer Shereen', 'Jl. Angkasa Drive', 081262940824),
('SU220', 'Maureen Halim', 'Jl. Hari 72', 0812648900824),
('SU120','Dian Winata', 'Jl. Drive Utama', 087766542333),
('SU121','Adit Sopo Jarwo', 'Jl. Drive Hangat', 089641235478),
('SU123','Aditya Bryan Dong', 'Jl. Biru Drive Merah', 087412547894),
('SU125','Bambang sudayanto', 'Jl. MDriveM Kning', 0835162738102)

INSERT INTO SalesTr VALUES 
('SA001', '2022-01-12', 'ST011', 'CU011'),
('SA002', '2023-03-13', 'ST018', 'CU018'),
('SA003', '2022-02-07', 'ST013', 'CU013'),
('SA004', '2023-04-15', 'ST015', 'CU015'),
('SA005', '2022-06-16', 'ST012', 'CU012'),
('SA006', '2023-01-17', 'ST016', 'CU016'),
('SA007', '2022-12-18', 'ST017', 'CU017'),
('SA008', '2023-01-21', 'ST012', 'CU012'),
('SA009', '2023-04-22', 'ST019', 'CU019'),
('SA010', '2023-01-09', 'ST020', 'CU020'),
('SA011', '2022-09-25', 'ST011', 'CU011'),
('SA012', '2023-02-26', 'ST016', 'CU018'),
('SA013', '2023-08-27', 'ST012', 'CU015'),
('SA014', '2022-07-28', 'ST017', 'CU017'),
('SA015', '2022-03-11', 'ST018', 'CU019'),
('SA016', '2021-04-20', 'ST014', 'CU012'),
('SA017', '2021-10-09', 'ST011', 'CU018'),
('SA018', '2021-12-17', 'ST012', 'CU019')

INSERT INTO SalesTrDetail VALUES
('SA001', 'GA111', 8),
('SA002', 'GA122', 7),
('SA003', 'GA133', 3),
('SA004', 'GA144', 2),
('SA005', 'GA155', 7),
('SA006', 'GA166', 9),
('SA007', 'GA199', 5),
('SA008', 'GA188', 3),
('SA004', 'GA211', 1),
('SA009', 'GA200', 7),
('SA010', 'GA211', 10),
('SA011', 'GA155', 5),
('SA012', 'GA188', 4),
('SA013', 'GA199', 10),
('SA014', 'GA211', 7),
('SA015', 'GA200', 9),
('SA013', 'GA211', 4),
('SA002', 'GA122', 3),
('SA013', 'GA144', 4),
('SA014', 'GA177', 7),
('SA002', 'GA199', 8),
('SA009', 'GA188', 3),
('SA014', 'GA122', 2),
('SA008', 'GA211', 1),
('SA005', 'GA111', 3),
('SA016', 'GA177', 6),
('SA017', 'GA133', 1),
('SA016', 'GA155', 6),
('SA017', 'GA188', 10),
('SA018', 'GA144', 4),
('SA018', 'GA133', 2)

INSERT INTO PurchaseTr VALUES
('PU001', '2021-10-30', 'ST012', 'SU113'),
('PU002', '2021-11-25', 'ST011', 'SU117'),
('PU003', '2020-11-16', 'ST019', 'SU112'),
('PU004', '2022-02-23', 'ST013', 'SU113'),
('PU005', '2021-04-17', 'ST014', 'SU113'),
('PU006', '2022-07-21', 'ST015', 'SU111'),
('PU007', '2020-12-30', 'ST017', 'SU112'),
('PU008', '2021-08-19', 'ST019', 'SU115'),
('PU009', '2022-04-28', 'ST017', 'SU116'),
('PU010', '2020-11-05', 'ST017', 'SU117'),
('PU011', '2023-03-08', 'ST016', 'SU220'),
('PU012', '2021-03-24', 'ST014', 'SU119'),
('PU013', '2022-06-07', 'ST013', 'SU118'),
('PU014', '2023-01-30', 'ST016', 'SU117'),
('PU015', '2022-07-20', 'ST016', 'SU115'),
('PU016', '2019-03-03', 'ST012', 'SU117'),
('PU017', '2019-05-23', 'ST019', 'SU114'),
('PU018', '2020-05-23', 'ST013', 'SU121'),
('PU019', '2018-08-19', 'ST019', 'SU123'),
('PU020', '2017-04-13', 'ST011', 'SU125'),
('PU021', '2019-11-28', 'ST021', 'SU113'),
('PU022', '2019-10-11', 'ST022', 'SU117')

INSERT INTO PurchaseTrDetail VALUES
('PU001', 'GA111', 125),
('PU002', 'GA122', 220),
('PU003', 'GA144', 250),
('PU004', 'GA122', 175),
('PU005', 'GA155', 225),
('PU006', 'GA177', 125),
('PU007', 'GA199', 165),
('PU008', 'GA200', 175),
('PU009', 'GA211', 145),
('PU010', 'GA144', 150),
('PU011', 'GA133', 190),
('PU012', 'GA188', 200),
('PU013', 'GA199', 215),
('PU014', 'GA133', 180),
('PU015', 'GA122', 195),
('PU011', 'GA111', 125),
('PU003', 'GA155', 165),
('PU008', 'GA200', 145),
('PU001', 'GA211', 150),
('PU009', 'GA199', 185),
('PU014', 'GA188', 170),
('PU012', 'GA166', 190),
('PU008', 'GA144', 145),
('PU007', 'GA133', 125),
('PU009', 'GA166', 150),
('PU016', 'GA177', 90),
('PU016', 'GA188', 54),
('PU016', 'GA144', 29),
('PU017', 'GA199', 40),
('PU017', 'GA155', 219),
('PU017', 'GA122', 65),
('PU021', 'GA222', 200),
('PU022', 'GA233', 240)